Source,Seed,SampleBytes,ByteChiSquare,EntropyBitsPerByte,OneBitFraction,MonobitZ,RunsZ,Lag1Correlation,PairChiSquare,IntChiSquare,SeedReplayMatches,RangeFailures
RandEXom.RandomLib.ModuloRandom,1,262144,259.6796875,7.999283885863132,0.49970197677612305,-0.8631674575031097,-0.30332063722271496,0.0009018878696059756,245.203125,231.4296875,True,0
RandEXom.RandomLib.ModuloRandom,12345,262144,324.87890625,7.999108353061846,0.5006718635559082,1.9459247161950106,1.695807542704226,-0.003292468247413361,269.359375,300.244140625,True,0
RandEXom.RandomLib.ModuloRandom,987654321,262144,241.822265625,7.999334661192834,0.5001974105834961,0.5717621238500599,-1.3559835001076064,-0.0013652386710470948,242.68359375,246.296875,True,0
RandEXom.RandomLib.NetRandom,1,262144,236.873046875,7.999345799740706,0.5005965232849121,1.7277159829382245,0.08078225199362289,0.003364861549057365,252.01171875,257.830078125,True,0
RandEXom.RandomLib.NetRandom,12345,262144,274.951171875,7.9992417597885295,0.4994668960571289,-1.5440339479815626,-1.183311651800854,0.0026726580692743767,317.46484375,214.806640625,True,0
RandEXom.RandomLib.NetRandom,987654321,262144,251.076171875,7.999310384438295,0.5003180503845215,0.9211723106473186,-0.2631981858454791,-9.160934369473265E-06,260.0234375,248.65625,True,0
RandEXom.RandomLib.SSRNGRandom,1,262144,256.080078125,7.999296315375613,0.4997701644897461,-0.6656747432263982,-0.3932985461056079,0.0017037999941494973,258.36328125,236.46875,True,0
RandEXom.RandomLib.SSRNGRandom,12345,262144,265.677734375,7.999269318147248,0.49950647354125977,-1.4294053096251498,-1.0330102351142763,-0.0001436918110436334,270.37109375,252.994140625,True,0
RandEXom.RandomLib.SSRNGRandom,987654321,262144,254.072265625,7.999303638686005,0.5003042221069336,0.8811213406191744,1.3484592355218066,-0.00025244395358256565,262.828125,254.046875,True,0
